{"stats":{"minecraft:custom":{"minecraft:time_since_rest":46257,"minecraft:play_one_minute":46257,"minecraft:crouch_one_cm":243,"minecraft:sprint_one_cm":6752,"minecraft:walk_one_cm":89839,"minecraft:sneak_time":256,"minecraft:jump":133,"minecraft:leave_game":4,"minecraft:time_since_death":46257,"minecraft:fly_one_cm":131464},"minecraft:used":{"minecraft:glass":225,"minecraft:iron_bars":12,"minecraft:end_stone_bricks":26,"minecraft:acacia_door":16,"minecraft:black_stained_glass":12,"minecraft:spruce_door":4,"minecraft:cut_sandstone_slab":55,"minecraft:light_gray_concrete":241,"minecraft:grass_block":1,"minecraft:stone_stairs":14,"minecraft:yellow_concrete":215,"minecraft:smooth_stone_slab":13,"minecraft:white_concrete":619,"minecraft:end_stone_brick_stairs":10,"minecraft:end_stone_brick_slab":8}},"DataVersion":1976}